Sl. No,Sharepoint Page Titles,Complete Sharepoint URLs,Source Path
1,Add/Claim Dependent (kpmg.com),https://spo-global.kpmg.com/sites/JP-OI-BUS-KIT-INTERNAL/SitePages/Process-Add-Claim-Dependent.aspx?stay=true,data/htmls_en/Add_Claim Dependent en.html
2,AZSA Health Insurance Society Cafeteria Plan (kpmg.com),https://spo-global.kpmg.com/sites/JP-OI-BUS-KIT-INTERNAL/SitePages/Process-AZSA Health insurance Society Cafeteria Plan.aspx?stay=true,data/htmls_en/AZSA Health Insurance Society Cafeteria Plan en.html
3,BD Code Information (kpmg.com),https://spo-global.kpmg.com/sites/JP-KIT-ProjectHub/SitePages/BD-Code-Information.aspx,data/htmls_en/BD Code Information en.html
4,Bereavement and funeral notification (kpmg.com),https://spo-global.kpmg.com/sites/JP-OI-BUS-KIT-INTERNAL/SitePages/Process-Bereavement-and-funeral-notification.aspx?stay=true,data/htmls_en/Bereavement and funeral notification en.html
5,Business Trip (kpmg.com),https://spo-global.kpmg.com/sites/JP-OI-BUS-KIT-INTERNAL/SitePages/SC-Main-Business_Trip.aspx,data/htmls_en/Business Trip en.html
6,Changing address (kpmg.com),https://spo-global.kpmg.com/sites/JP-OI-BUS-KIT-INTERNAL/SitePages/Changing-address.aspx?stay=trueSitePages%2FMirai-Translator.aspx,data/htmls_en/Changing address en.html
7,Congratulatory and Condolence Payment (kpmg.com),https://spo-global.kpmg.com/sites/JP-KIT-Corporate-HR/SitePages/Congratulatory-and-Condolence-Payment.aspx?source=https%3A%2F%2Fspo-global.kpmg.com%2Fsites%2FJP-KIT-Corporate-HR%2FSitePages%2FForms%2FByAuthor.aspx,data/htmls_en/Congratulatory and Condolence Payment en.html
8,CPA Corporate Pension Fund (kpmg.com),https://spo-global.kpmg.com/sites/JP-OI-BUS-KIT-INTERNAL/SitePages/Process-CPA Corporate Pension Fund.aspx?stay=true,data/htmls_en/CPA Corporate Pension Fund en.html
9,Dual Work Approval (kpmg.com),https://spo-global.kpmg.com/sites/JP-OI-BUS-KIT-INTERNAL/SitePages/Process-Dual-Work-Approval.aspx?stay=true,data/htmls_en/Dual Work Approval en.html
10,Employee Representative (kpmg.com),https://spo-global.kpmg.com/sites/JP-OI-BUS-KIT-INTERNAL/SitePages/Process-Employee-Representative(1).aspx?stay=true,data/htmls_en/Employee Representative en.html
11,English available Medical Clinic (kpmg.com),https://spo-global.kpmg.com/sites/JP-OI-BUS-KIT-INTERNAL/SitePages/Process-English-available-Medical-Clinic.aspx,data/htmls_en/English available Medical Clinic en.html
12,Expenses (kpmg.com),https://spo-global.kpmg.com/sites/JP-OI-BUS-KIT-INTERNAL/SitePages/Expenses.aspx,data/htmls_en/Expenses en.html
13,Family Changes (kpmg.com),https://spo-global.kpmg.com/sites/JP-OI-BUS-KIT-INTERNAL/SitePages/Process-Family-Changes.aspx?stay=true,data/htmls_en/Family Changes en.html
14,Flexible work program (kpmg.com),https://spo-global.kpmg.com/sites/JP-OI-BUS-KIT-INTERNAL/SitePages/Process-Flexible-work-program.aspx,data/htmls_en/Flexible work program en.html
15,Health Checkup (kpmg.com),https://spo-global.kpmg.com/sites/JP-OI-BUS-KIT-INTERNAL/SitePages/Process-Health-Checkup.aspx?stay=true,data/htmls_en/Health Checkup en.html
16,Health Related (kpmg.com),https://spo-global.kpmg.com/sites/JP-OI-BUS-KIT-INTERNAL/SitePages/Process-Health-Related.aspx,data/htmls_en/Health Related en.html
17,How to check Job Title (kpmg.com),https://spo-global.kpmg.com/sites/JP-OI-BUS-KIT-INTERNAL/SitePages/Process-How-to-check-Job-Title.aspx?stay=true,data/htmls_en/How to check Job Title en.html
18,How to take vacation / leave (kpmg.com),https://spo-global.kpmg.com/sites/JP-OI-BUS-KIT-INTERNAL/SitePages/SC-Main-_take vacation.aspx,data/htmls_en/How to take vacation _ leave en.html
19,How to turn in Document to HR Management (kpmg.com),https://spo-global.kpmg.com/sites/JP-OI-BUS-KIT-INTERNAL/SitePages/Process-How-to-turn-in-Document-to-HR-Management.aspx?stay=true,data/htmls_en/How to turn in Document to HR Management en.html
20,Individual-type defined-contribution pension plan (iDeCo) (kpmg.com),https://spo-global.kpmg.com/sites/JP-OI-BUS-KIT-INTERNAL/SitePages/Process-Individual-type-defined-contribution-pension-plan(iDeCo).aspx?stay=true,data/htmls_en/Individual-type defined-contribution pension plan (iDeCo) en.html
21,,,data/htmls_en/Internal Code en.html
22,Labor-management agreement (kpmg.com),https://spo-global.kpmg.com/sites/JP-OI-BUS-KIT-INTERNAL/SitePages/Other-Labor-management.aspx,data/htmls_en/Labor-management agreement en.html
23,Leave of Absence (kpmg.com),https://spo-global.kpmg.com/sites/JP-OI-BUS-KIT-INTERNAL/SitePages/Other-Leave-of-Abse.aspx,data/htmls_en/Leave of Absence en.html
24,List of Vacation/ Leave (kpmg.com),https://spo-global.kpmg.com/sites/JP-OI-BUS-KIT-INTERNAL/SitePages/Process-List-of-Vacation--Leave.aspx?stay=true,data/htmls_en/List of Vacation_ Leave en.html
25,Marriage Registration (kpmg.com),https://spo-global.kpmg.com/sites/JP-OI-BUS-KIT-INTERNAL/SitePages/Process-Marriage-Registration.aspx?stay=true,data/htmls_en/Marriage Registration en.html
26,Material of On-boarding orientation (kpmg.com),https://spo-global.kpmg.com/sites/JP-OI-BUS-KIT-INTERNAL/SitePages/Other-Material of On-boarding.aspx?stay=true,data/htmls_en/Material of On-boarding orientation en.html
27,Name Change (Except Marriage) (kpmg.com),https://spo-global.kpmg.com/sites/JP-OI-BUS-KIT-INTERNAL/SitePages/Process-Name-Change-(Except-Marriage).aspx?stay=true,data/htmls_en/Name Change (Except Marriage) en.html
28,OOO schedule Common calender setting (kpmg.com),https://spo-global.kpmg.com/sites/JP-OI-BUS-KIT-INTERNAL/SitePages/Other-OOO-schedule-common.aspx?csf=1&web=1&e=tra8p7&cid=e0d80ce0-7df1-49b6-999a-cb0fde189fc0,data/htmls_en/OOO schedule Common calender setting en.html
29,Pregnancy and Childbirth (kpmg.com),https://spo-global.kpmg.com/sites/JP-OI-BUS-KIT-INTERNAL/SitePages/Other-Pregnancy_and_Childbirth.aspx,data/htmls_en/Pregnancy and Childbirth en.html
30,Remove Dependent (kpmg.com),https://spo-global.kpmg.com/sites/JP-OI-BUS-KIT-INTERNAL/SitePages/Process-Remove-Dependent.aspx?stay=true,data/htmls_en/Remove Dependent en.html
31,Request for Issuance of Certificates (kpmg.com),https://spo-global.kpmg.com/sites/JP-OI-BUS-KIT-INTERNAL/SitePages/Process-Certificate of Employment.aspx?stay=true,data/htmls_en/Request for Issuance of Certificates en.html
32,Resignation (kpmg.com),https://spo-global.kpmg.com/sites/JP-OI-BUS-KIT-INTERNAL/SitePages/SC-Main-Resignation.aspx,data/htmls_en/Resignation en.html
33,Role change (kpmg.com),https://spo-global.kpmg.com/sites/JP-OI-BUS-KIT-INTERNAL/SitePages/Process-Role-change.aspx,data/htmls_en/Role change en.html
34,Social insurance (kpmg.com),https://spo-global.kpmg.com/sites/JP-OI-BUS-KIT-INTERNAL/SitePages/Other Social insurance.aspx,data/htmls_en/Social insurance en.html
35,Stress Check (kpmg.com),https://spo-global.kpmg.com/sites/JP-OI-BUS-KIT-INTERNAL/SitePages/Process Stress-check.aspx?stay=true,data/htmls_en/Stress Check en.html
36,Time Sheet (kpmg.com),https://spo-global.kpmg.com/sites/JP-OI-BUS-KIT-INTERNAL/SitePages/Process-Time-sheet.aspx,data/htmls_en/Time Sheet.html
37,Visa Related (kpmg.com),https://spo-global.kpmg.com/sites/JP-OI-BUS-KIT-INTERNAL/SitePages/Process-Visa-Related.aspx?stay=true,data/htmls_en/Visa Related en.html
38,When You Work (kpmg.com),https://spo-global.kpmg.com/sites/JP-OI-BUS-KIT-INTERNAL/SitePages/SC-Main-When You Work.aspx,data/htmls_en/When You Work en.html
39,When your family passed away (kpmg.com),https://spo-global.kpmg.com/sites/JP-OI-BUS-KIT-INTERNAL/SitePages/Process-when your family passed away.aspx,data/htmls_en/When your family passed away en.html
40,WIP Subsideies for Seasonal Flu Vaccination by Azsa Health society for FY2023*　編集中 (kpmg.com),https://spo-global.kpmg.com/sites/JP-OI-BUS-KIT-INTERNAL/SitePages/Process=Subsideies-for-Seasonal-Flu-Vaccination-by-Azsa-Health.aspx,data/htmls_en/WIP Subsideies for Seasonal Flu Vaccination by Azsa Health society for FY2023_　編集中 en.html
41,EAP カウンセリングサポート (kpmg.com),https://spo-global.kpmg.com/sites/JP-OI-BUS-KIT-INTERNAL/SitePages/ja/Process-EAP-Councel.aspx,data/htmls_jp/EAP カウンセリングサポート.html
42,OOO schedule 共通カレンダー設定方法 (kpmg.com),https://spo-global.kpmg.com/sites/JP-OI-BUS-KIT-INTERNAL/SitePages/ja/Other-OOO-schedule-common.aspx,data/htmls_jp/OOO schedule 共通カレンダー設定方法.html
43,Visa関連 (kpmg.com),https://spo-global.kpmg.com/sites/JP-OI-BUS-KIT-INTERNAL/SitePages/ja/Process-Visa-Related.aspx,data/htmls_jp/Visa関連.html
44,WIP インフルエンザ予防接種の補助について あずさ健康保険組合　Subsideies for Seasonal Flu Vaccination FY2023*　編集中　2023年秋以降更新予定 (kpmg.com),https://spo-global.kpmg.com/sites/JP-OI-BUS-KIT-INTERNAL/SitePages/ja/Process%3DSubsideies-for-Seasonal-Flu-Vaccination-by-Azsa-Health.aspx,data/htmls_jp/WIP インフルエンザ予防接種の補助について あずさ健康保険組合　Subsideies for Seasonal Flu Vaccination FY2023_　編集中　2023年秋以降更新予定.html
45,あずさカフェテリアポイント (kpmg.com),https://spo-global.kpmg.com/sites/JP-OI-BUS-KIT-INTERNAL/SitePages/ja/Process-AZSA Health insurance Society Cafeteria Plan.aspx,data/htmls_jp/あずさカフェテリアポイント.html
46,ジョブタイトル(Job Title)確認方法について (kpmg.com),https://spo-global.kpmg.com/sites/JP-OI-BUS-KIT-INTERNAL/SitePages/ja/Process-How-to-check-Job-Title.aspx,data/htmls_jp/ジョブタイトル(Job Title)確認方法について.html
47,フレキシブルワーク制度 (kpmg.com),https://spo-global.kpmg.com/sites/JP-OI-BUS-KIT-INTERNAL/SitePages/ja/Process-Flexible-work-program.aspx,data/htmls_jp/フレキシブルワーク制度.html
48,人事労務への書類の提出方法 (kpmg.com),https://spo-global.kpmg.com/sites/JP-OI-BUS-KIT-INTERNAL/SitePages/ja/Process-How-to-turn-in-Document-to-HR-Management.aspx,data/htmls_jp/人事労務への書類の提出方法.html
49,休暇一覧 (kpmg.com),https://spo-global.kpmg.com/sites/JP-OI-BUS-KIT-INTERNAL/SitePages/ja/Process-List-of-Vacation--Leave.aspx,data/htmls_jp/休暇一覧.html
50,休暇取得の方法 (kpmg.com),https://spo-global.kpmg.com/sites/JP-OI-BUS-KIT-INTERNAL/SitePages/ja/SC-Main-_take vacation.aspx,data/htmls_jp/休暇取得の方法.html
51,休業と復職 (kpmg.com),https://spo-global.kpmg.com/sites/JP-OI-BUS-KIT-INTERNAL/SitePages/ja/Other-Leave-of-Abse.aspx,data/htmls_jp/休業と復職.html
52,住所変更 (kpmg.com),https://spo-global.kpmg.com/sites/JP-OI-BUS-KIT-INTERNAL/SitePages/ja/Changing-address.aspx,data/htmls_jp/住所変更.html
53,個人型確定拠出年金 (iDeCo Individual-type defined-contribution pension plan) (kpmg.com),https://spo-global.kpmg.com/sites/JP-OI-BUS-KIT-INTERNAL/SitePages/ja/Process-Individual-type-defined-contribution-pension-plan(iDeCo)-.aspx,data/htmls_jp/個人型確定拠出年金 (iDeCo Individual-type defined-contribution pension plan).html
54,健康管理 (kpmg.com),https://spo-global.kpmg.com/sites/JP-OI-BUS-KIT-INTERNAL/SitePages/ja/Process-Health-Related.aspx,data/htmls_jp/健康管理.html
55,健康診断 (kpmg.com),https://spo-global.kpmg.com/sites/JP-OI-BUS-KIT-INTERNAL/SitePages/ja/Process-Health-Checkup.aspx,data/htmls_jp/健康診断.html
56,公認会計士企業年金 (kpmg.com),https://spo-global.kpmg.com/sites/JP-OI-BUS-KIT-INTERNAL/SitePages/ja/Process-CPA Corporate Pension Fund.aspx,data/htmls_jp/公認会計士企業年金.html
57,兼業申請 (kpmg.com),https://spo-global.kpmg.com/sites/JP-OI-BUS-KIT-INTERNAL/SitePages/ja/Process-Dual-Work-Approval.aspx,data/htmls_jp/兼業申請.html
58,労使協定 (kpmg.com),https://spo-global.kpmg.com/sites/JP-OI-BUS-KIT-INTERNAL/SitePages/ja/Other-Labor-management.aspx,data/htmls_jp/労使協定.html
59,勤怠入力 (kpmg.com),https://spo-global.kpmg.com/sites/JP-OI-BUS-KIT-INTERNAL/SitePages/ja/Process-Time-sheet.aspx,data/htmls_jp/勤怠入力.html
60,各種証明書の発行 (kpmg.com),https://spo-global.kpmg.com/sites/JP-OI-BUS-KIT-INTERNAL/SitePages/ja/Process-Certificate of Employment.aspx,data/htmls_jp/各種証明書の発行.html
61,妊娠・出産 (kpmg.com),https://spo-global.kpmg.com/sites/JP-OI-BUS-KIT-INTERNAL/SitePages/ja/Other-Pregnancy_and_Childbirth.aspx,data/htmls_jp/妊娠・出産.html
62,家族異動 (kpmg.com),https://spo-global.kpmg.com/sites/JP-OI-BUS-KIT-INTERNAL/SitePages/ja/Family-Changes.aspx,data/htmls_jp/家族異動.html
63,役割変更 Role change (kpmg.com),https://spo-global.kpmg.com/sites/JP-OI-BUS-KIT-INTERNAL/SitePages/ja/Process-Role-change.aspx,data/htmls_jp/役割変更 Role change.html
64,従業員代表選出 (kpmg.com),https://spo-global.kpmg.com/sites/JP-OI-BUS-KIT-INTERNAL/SitePages/ja/Process-%E5%BE%93%E6%A5%AD%E5%93%A1%E4%BB%A3%E8%A1%A8%E9%81%B8%E5%87%BAEmployee-Representative(1).aspx,data/htmls_jp/従業員代表選出.html
65,忌引と弔事報告 (kpmg.com),https://spo-global.kpmg.com/sites/JP-OI-BUS-KIT-INTERNAL/SitePages/ja/Process-Bereavement-and-funeral-notification.aspx,data/htmls_jp/忌引と弔事報告.html
66,扶養から外れる (kpmg.com),https://spo-global.kpmg.com/sites/JP-OI-BUS-KIT-INTERNAL/SitePages/ja/Process-Remove-Dependent.aspx,data/htmls_jp/扶養から外れる.html
67,扶養にする Add dependents (kpmg.com),https://spo-global.kpmg.com/sites/JP-OI-BUS-KIT-INTERNAL/SitePages/ja/Process-Add-Claim-Dependent.aspx,data/htmls_jp/扶養にする Add dependents.html
68,氏名変更(結婚時を除く） (kpmg.com),https://spo-global.kpmg.com/sites/JP-OI-BUS-KIT-INTERNAL/SitePages/ja/Process-Name-Change-(Except-Marriage).aspx,data/htmls_jp/氏名変更(結婚時を除く）.html
69,社会保険 (kpmg.com),https://spo-global.kpmg.com/sites/JP-OI-BUS-KIT-INTERNAL/SitePages/ja/Other Social insurance.aspx,data/htmls_jp/社会保険.html
70,結婚届 (kpmg.com),https://spo-global.kpmg.com/sites/JP-OI-BUS-KIT-INTERNAL/SitePages/ja/Process-Marriage-Registration.aspx,data/htmls_jp/結婚届.html
71,衛生委員会 (kpmg.com),https://spo-global.kpmg.com/sites/JP-OI-BUS-KIT-INTERNAL/SitePages/ja/Process-Health-Committee.aspx,data/htmls_jp/衛生委員会.html
72,親族が亡くなった時 (kpmg.com),https://spo-global.kpmg.com/sites/JP-OI-BUS-KIT-INTERNAL/SitePages/ja/Process-when your family passed away.aspx,data/htmls_jp/親族が亡くなった時.html
73,退職（HR用）　サービスカタログに統合予定　日本語サイト編集時参照用 (kpmg.com),https://spo-global.kpmg.com/sites/JP-OI-BUS-KIT-INTERNAL/SitePages/ja/Process-Retirement.aspx,data/htmls_jp/退職（HR用）　サービスカタログに統合予定　日本語サイト編集時参照用.html
74,JP - KIT-Corporate - HR - 正社員・契約社員 就業規則.pdf - All Documents (kpmg.com),https://spo-global.kpmg.com/sites/JP-KIT-Corporate-HR/Shared Documents/Forms/AllItems.aspx?id=%2Fsites%2FJP%2DKIT%2DCorporate%2DHR%2FShared%20Documents%2FHR%2F%E4%BA%BA%E4%BA%8B%E8%A6%8F%E7%A8%8B%2F%E6%AD%A3%E7%A4%BE%E5%93%A1%E3%83%BB%E5%A5%91%E7%B4%84%E7%A4%BE%E5%93%A1%20%E5%B0%B1%E6%A5%AD%E8%A6%8F%E5%89%87%2Epdf&parent=%2Fsites%2FJP%2DKIT%2DCorporate%2DHR%2FShared%20Documents%2FHR%2F%E4%BA%BA%E4%BA%8B%E8%A6%8F%E7%A8%8B,data/pdfs/work_rules_full_time/正社員・契約社員 就業規則_jp.pdf
75,JP - KIT-Corporate - HR - Work Rules for Regular and Contract Employees_正社員・契約社員就業規則 .pdf - All Documents (kpmg.com),https://spo-global.kpmg.com/sites/JP-KIT-Corporate-HR/Shared Documents/Forms/AllItems.aspx?id=%2Fsites%2FJP%2DKIT%2DCorporate%2DHR%2FShared%20Documents%2FHR%2F%E4%BA%BA%E4%BA%8B%E8%A6%8F%E7%A8%8B%2FWork%20Rules%20for%20Regular%20and%20Contract%20Employees%5F%E6%AD%A3%E7%A4%BE%E5%93%A1%E3%83%BB%E5%A5%91%E7%B4%84%E7%A4%BE%E5%93%A1%E5%B0%B1%E6%A5%AD%E8%A6%8F%E5%89%87%20%2Epdf&parent=%2Fsites%2FJP%2DKIT%2DCorporate%2DHR%2FShared%20Documents%2FHR%2F%E4%BA%BA%E4%BA%8B%E8%A6%8F%E7%A8%8B,data/pdfs/work_rules_full_time/Work Rules for Regular and Contract Employees_正社員・契約社員就業規則_en .pdf
76,JP - KIT-Corporate - HR - 正社員・契約社員 フレックスタイム制に関する規程.pdf - All Documents (kpmg.com),https://spo-global.kpmg.com/sites/JP-KIT-Corporate-HR/Shared Documents/Forms/AllItems.aspx?id=%2Fsites%2FJP%2DKIT%2DCorporate%2DHR%2FShared%20Documents%2FHR%2F%E4%BA%BA%E4%BA%8B%E8%A6%8F%E7%A8%8B%2F%E6%AD%A3%E7%A4%BE%E5%93%A1%E3%83%BB%E5%A5%91%E7%B4%84%E7%A4%BE%E5%93%A1%20%E3%83%95%E3%83%AC%E3%83%83%E3%82%AF%E3%82%B9%E3%82%BF%E3%82%A4%E3%83%A0%E5%88%B6%E3%81%AB%E9%96%A2%E3%81%99%E3%82%8B%E8%A6%8F%E7%A8%8B%2Epdf&parent=%2Fsites%2FJP%2DKIT%2DCorporate%2DHR%2FShared%20Documents%2FHR%2F%E4%BA%BA%E4%BA%8B%E8%A6%8F%E7%A8%8B,data/pdfs/work_rules_full_time/正社員・契約社員 フレックスタイム制に関する規程_jp.pdf
77,JP - KIT-Corporate - HR - 正社員・契約社員 裁量労働に関する規程.pdf - All Documents (kpmg.com),https://spo-global.kpmg.com/sites/JP-KIT-Corporate-HR/Shared Documents/Forms/AllItems.aspx?id=%2Fsites%2FJP%2DKIT%2DCorporate%2DHR%2FShared%20Documents%2FHR%2F%E4%BA%BA%E4%BA%8B%E8%A6%8F%E7%A8%8B%2F%E6%AD%A3%E7%A4%BE%E5%93%A1%E3%83%BB%E5%A5%91%E7%B4%84%E7%A4%BE%E5%93%A1%20%E8%A3%81%E9%87%8F%E5%8A%B4%E5%83%8D%E3%81%AB%E9%96%A2%E3%81%99%E3%82%8B%E8%A6%8F%E7%A8%8B%2Epdf&parent=%2Fsites%2FJP%2DKIT%2DCorporate%2DHR%2FShared%20Documents%2FHR%2F%E4%BA%BA%E4%BA%8B%E8%A6%8F%E7%A8%8B,data/pdfs/work_rules_full_time/正社員・契約社員 裁量労働に関する規程_jp.pdf
78,JP - KIT-Corporate - HR - Rules Regarding Discretionary Work for Regular and Contract Employees_正社員・契約社員裁量労働制に関する規程.pdf - All Documents (kpmg.com),https://spo-global.kpmg.com/sites/JP-KIT-Corporate-HR/Shared Documents/Forms/AllItems.aspx?id=%2Fsites%2FJP%2DKIT%2DCorporate%2DHR%2FShared%20Documents%2FHR%2F%E4%BA%BA%E4%BA%8B%E8%A6%8F%E7%A8%8B%2FRules%20Regarding%20Discretionary%20Work%20for%20Regular%20and%20Contract%20Employees%5F%E6%AD%A3%E7%A4%BE%E5%93%A1%E3%83%BB%E5%A5%91%E7%B4%84%E7%A4%BE%E5%93%A1%E8%A3%81%E9%87%8F%E5%8A%B4%E5%83%8D%E5%88%B6%E3%81%AB%E9%96%A2%E3%81%99%E3%82%8B%E8%A6%8F%E7%A8%8B%2Epdf&parent=%2Fsites%2FJP%2DKIT%2DCorporate%2DHR%2FShared%20Documents%2FHR%2F%E4%BA%BA%E4%BA%8B%E8%A6%8F%E7%A8%8B,data/pdfs/work_rules_full_time/Rules Regarding Discretionary Work for Regular and Contract Employees_正社員・契約社員裁量労働制に関する規程_en.pdf
79,JP - KIT-Corporate - HR - 正社員・契約社員 フレキシブル・ワーク規程.pdf - All Documents (kpmg.com),https://spo-global.kpmg.com/sites/JP-KIT-Corporate-HR/Shared Documents/Forms/AllItems.aspx?id=%2Fsites%2FJP%2DKIT%2DCorporate%2DHR%2FShared%20Documents%2FHR%2F%E4%BA%BA%E4%BA%8B%E8%A6%8F%E7%A8%8B%2F%E6%AD%A3%E7%A4%BE%E5%93%A1%E3%83%BB%E5%A5%91%E7%B4%84%E7%A4%BE%E5%93%A1%20%E3%83%95%E3%83%AC%E3%82%AD%E3%82%B7%E3%83%96%E3%83%AB%E3%83%BB%E3%83%AF%E3%83%BC%E3%82%AF%E8%A6%8F%E7%A8%8B%2Epdf&parent=%2Fsites%2FJP%2DKIT%2DCorporate%2DHR%2FShared%20Documents%2FHR%2F%E4%BA%BA%E4%BA%8B%E8%A6%8F%E7%A8%8B,data/pdfs/work_rules_full_time/正社員・契約社員 フレキシブル・ワーク規程_jp.pdf
80,JP - KIT-Corporate - HR - 正社員・契約社員 休業及び災害補償等の取扱規程.pdf - All Documents (kpmg.com),https://spo-global.kpmg.com/sites/JP-KIT-Corporate-HR/Shared Documents/Forms/AllItems.aspx?id=%2Fsites%2FJP%2DKIT%2DCorporate%2DHR%2FShared%20Documents%2FHR%2F%E4%BA%BA%E4%BA%8B%E8%A6%8F%E7%A8%8B%2F%E6%AD%A3%E7%A4%BE%E5%93%A1%E3%83%BB%E5%A5%91%E7%B4%84%E7%A4%BE%E5%93%A1%20%E4%BC%91%E6%A5%AD%E5%8F%8A%E3%81%B3%E7%81%BD%E5%AE%B3%E8%A3%9C%E5%84%9F%E7%AD%89%E3%81%AE%E5%8F%96%E6%89%B1%E8%A6%8F%E7%A8%8B%2Epdf&parent=%2Fsites%2FJP%2DKIT%2DCorporate%2DHR%2FShared%20Documents%2FHR%2F%E4%BA%BA%E4%BA%8B%E8%A6%8F%E7%A8%8B,data/pdfs/work_rules_full_time/正社員・契約社員 休業及び災害補償等の取扱規程_jp.pdf
81,JP - KIT-Corporate - HR - 正社員・契約社員 育児休業規程.pdf - All Documents (kpmg.com),https://spo-global.kpmg.com/sites/JP-KIT-Corporate-HR/Shared Documents/Forms/AllItems.aspx?id=%2Fsites%2FJP%2DKIT%2DCorporate%2DHR%2FShared%20Documents%2FHR%2F%E4%BA%BA%E4%BA%8B%E8%A6%8F%E7%A8%8B%2F%E6%AD%A3%E7%A4%BE%E5%93%A1%E3%83%BB%E5%A5%91%E7%B4%84%E7%A4%BE%E5%93%A1%20%E8%82%B2%E5%85%90%E4%BC%91%E6%A5%AD%E8%A6%8F%E7%A8%8B%2Epdf&parent=%2Fsites%2FJP%2DKIT%2DCorporate%2DHR%2FShared%20Documents%2FHR%2F%E4%BA%BA%E4%BA%8B%E8%A6%8F%E7%A8%8B,data/pdfs/work_rules_full_time/正社員・契約社員 育児休業規程_jp.pdf
82,JP - KIT-Corporate - HR - 正社員・契約社員 介護休業規程.pdf - All Documents (kpmg.com),https://spo-global.kpmg.com/sites/JP-KIT-Corporate-HR/Shared Documents/Forms/AllItems.aspx?id=%2Fsites%2FJP%2DKIT%2DCorporate%2DHR%2FShared%20Documents%2FHR%2F%E4%BA%BA%E4%BA%8B%E8%A6%8F%E7%A8%8B%2F%E6%AD%A3%E7%A4%BE%E5%93%A1%E3%83%BB%E5%A5%91%E7%B4%84%E7%A4%BE%E5%93%A1%20%E4%BB%8B%E8%AD%B7%E4%BC%91%E6%A5%AD%E8%A6%8F%E7%A8%8B%2Epdf&parent=%2Fsites%2FJP%2DKIT%2DCorporate%2DHR%2FShared%20Documents%2FHR%2F%E4%BA%BA%E4%BA%8B%E8%A6%8F%E7%A8%8B,data/pdfs/work_rules_full_time/正社員・契約社員 介護休業規程_jp.pdf
83,JP - KIT-Corporate - HR - Family Care Leave Rules for Regular and Contract Employees_正社員・契約社員介護休業規程.pdf - All Documents (kpmg.com),https://spo-global.kpmg.com/sites/JP-KIT-Corporate-HR/Shared Documents/Forms/AllItems.aspx?id=%2Fsites%2FJP%2DKIT%2DCorporate%2DHR%2FShared%20Documents%2FHR%2F%E4%BA%BA%E4%BA%8B%E8%A6%8F%E7%A8%8B%2FFamily%20Care%20Leave%20Rules%20for%20Regular%20and%20Contract%20Employees%5F%E6%AD%A3%E7%A4%BE%E5%93%A1%E3%83%BB%E5%A5%91%E7%B4%84%E7%A4%BE%E5%93%A1%E4%BB%8B%E8%AD%B7%E4%BC%91%E6%A5%AD%E8%A6%8F%E7%A8%8B%2Epdf&parent=%2Fsites%2FJP%2DKIT%2DCorporate%2DHR%2FShared%20Documents%2FHR%2F%E4%BA%BA%E4%BA%8B%E8%A6%8F%E7%A8%8B,data/pdfs/work_rules_full_time/Family Care Leave Rules for Regular and Contract Employees_正社員・契約社員介護休業規程_en.pdf
84,JP - KIT-Corporate - HR - 正社員・契約社員 給与規程.pdf - All Documents (kpmg.com),https://spo-global.kpmg.com/sites/JP-KIT-Corporate-HR/Shared Documents/Forms/AllItems.aspx?id=%2Fsites%2FJP%2DKIT%2DCorporate%2DHR%2FShared%20Documents%2FHR%2F%E4%BA%BA%E4%BA%8B%E8%A6%8F%E7%A8%8B%2F%E6%AD%A3%E7%A4%BE%E5%93%A1%E3%83%BB%E5%A5%91%E7%B4%84%E7%A4%BE%E5%93%A1%20%E7%B5%A6%E4%B8%8E%E8%A6%8F%E7%A8%8B%2Epdf&parent=%2Fsites%2FJP%2DKIT%2DCorporate%2DHR%2FShared%20Documents%2FHR%2F%E4%BA%BA%E4%BA%8B%E8%A6%8F%E7%A8%8B,data/pdfs/work_rules_full_time/正社員・契約社員 給与規程_jp.pdf
85,JP - KIT-Corporate - HR - 正社員・契約社員 退職金支給規程.pdf - All Documents (kpmg.com),https://spo-global.kpmg.com/sites/JP-KIT-Corporate-HR/Shared Documents/Forms/AllItems.aspx?id=%2Fsites%2FJP%2DKIT%2DCorporate%2DHR%2FShared%20Documents%2FHR%2F%E4%BA%BA%E4%BA%8B%E8%A6%8F%E7%A8%8B%2F%E6%AD%A3%E7%A4%BE%E5%93%A1%E3%83%BB%E5%A5%91%E7%B4%84%E7%A4%BE%E5%93%A1%20%E9%80%80%E8%81%B7%E9%87%91%E6%94%AF%E7%B5%A6%E8%A6%8F%E7%A8%8B%2Epdf&parent=%2Fsites%2FJP%2DKIT%2DCorporate%2DHR%2FShared%20Documents%2FHR%2F%E4%BA%BA%E4%BA%8B%E8%A6%8F%E7%A8%8B,data/pdfs/work_rules_full_time/正社員・契約社員 退職金支給規程_jp.pdf
86,JP - KIT-Corporate - HR - 確定給付企業年金規約.pdf - All Documents (kpmg.com),https://spo-global.kpmg.com/sites/JP-KIT-Corporate-HR/Shared Documents/Forms/AllItems.aspx?id=%2Fsites%2FJP%2DKIT%2DCorporate%2DHR%2FShared%20Documents%2FHR%2F%E4%BA%BA%E4%BA%8B%E8%A6%8F%E7%A8%8B%2F%E7%A2%BA%E5%AE%9A%E7%B5%A6%E4%BB%98%E4%BC%81%E6%A5%AD%E5%B9%B4%E9%87%91%E8%A6%8F%E7%B4%84%2Epdf&parent=%2Fsites%2FJP%2DKIT%2DCorporate%2DHR%2FShared%20Documents%2FHR%2F%E4%BA%BA%E4%BA%8B%E8%A6%8F%E7%A8%8B,data/pdfs/work_rules_full_time/確定給付企業年金規約_jp.pdf
87,JP - KIT-Corporate - HR - 正社員・契約社員 リフレッシュ休暇規程.pdf - All Documents (kpmg.com),https://spo-global.kpmg.com/sites/JP-KIT-Corporate-HR/Shared Documents/Forms/AllItems.aspx?id=%2Fsites%2FJP%2DKIT%2DCorporate%2DHR%2FShared%20Documents%2FHR%2F%E4%BA%BA%E4%BA%8B%E8%A6%8F%E7%A8%8B%2F%E6%AD%A3%E7%A4%BE%E5%93%A1%E3%83%BB%E5%A5%91%E7%B4%84%E7%A4%BE%E5%93%A1%20%E3%83%AA%E3%83%95%E3%83%AC%E3%83%83%E3%82%B7%E3%83%A5%E4%BC%91%E6%9A%87%E8%A6%8F%E7%A8%8B%2Epdf&parent=%2Fsites%2FJP%2DKIT%2DCorporate%2DHR%2FShared%20Documents%2FHR%2F%E4%BA%BA%E4%BA%8B%E8%A6%8F%E7%A8%8B,data/pdfs/work_rules_full_time/正社員・契約社員 リフレッシュ休暇規程_jp.pdf
88,JP - KIT-Corporate - HR - 正社員・契約社員 ボランティア活動休暇規程.pdf - All Documents (kpmg.com),https://spo-global.kpmg.com/sites/JP-KIT-Corporate-HR/Shared Documents/Forms/AllItems.aspx?id=%2Fsites%2FJP%2DKIT%2DCorporate%2DHR%2FShared%20Documents%2FHR%2F%E4%BA%BA%E4%BA%8B%E8%A6%8F%E7%A8%8B%2F%E6%AD%A3%E7%A4%BE%E5%93%A1%E3%83%BB%E5%A5%91%E7%B4%84%E7%A4%BE%E5%93%A1%20%E3%83%9C%E3%83%A9%E3%83%B3%E3%83%86%E3%82%A3%E3%82%A2%E6%B4%BB%E5%8B%95%E4%BC%91%E6%9A%87%E8%A6%8F%E7%A8%8B%2Epdf&parent=%2Fsites%2FJP%2DKIT%2DCorporate%2DHR%2FShared%20Documents%2FHR%2F%E4%BA%BA%E4%BA%8B%E8%A6%8F%E7%A8%8B,data/pdfs/work_rules_full_time/正社員・契約社員 ボランティア活動休暇規程_jp.pdf
89,JP - KIT-Corporate - HR - 正社員・契約社員 裁判員等休暇規程.pdf - All Documents (kpmg.com),https://spo-global.kpmg.com/sites/JP-KIT-Corporate-HR/Shared Documents/Forms/AllItems.aspx?id=%2Fsites%2FJP%2DKIT%2DCorporate%2DHR%2FShared%20Documents%2FHR%2F%E4%BA%BA%E4%BA%8B%E8%A6%8F%E7%A8%8B%2F%E6%AD%A3%E7%A4%BE%E5%93%A1%E3%83%BB%E5%A5%91%E7%B4%84%E7%A4%BE%E5%93%A1%20%E8%A3%81%E5%88%A4%E5%93%A1%E7%AD%89%E4%BC%91%E6%9A%87%E8%A6%8F%E7%A8%8B%2Epdf&parent=%2Fsites%2FJP%2DKIT%2DCorporate%2DHR%2FShared%20Documents%2FHR%2F%E4%BA%BA%E4%BA%8B%E8%A6%8F%E7%A8%8B,data/pdfs/work_rules_full_time/正社員・契約社員 裁判員等休暇規程_jp.pdf
90,JP - KIT-Corporate - HR - 正社員・契約社員 慶弔見舞金規程.pdf - All Documents (kpmg.com),https://spo-global.kpmg.com/sites/JP-KIT-Corporate-HR/Shared Documents/Forms/AllItems.aspx?id=%2Fsites%2FJP%2DKIT%2DCorporate%2DHR%2FShared%20Documents%2FHR%2F%E4%BA%BA%E4%BA%8B%E8%A6%8F%E7%A8%8B%2F%E6%AD%A3%E7%A4%BE%E5%93%A1%E3%83%BB%E5%A5%91%E7%B4%84%E7%A4%BE%E5%93%A1%20%E6%85%B6%E5%BC%94%E8%A6%8B%E8%88%9E%E9%87%91%E8%A6%8F%E7%A8%8B%2Epdf&parent=%2Fsites%2FJP%2DKIT%2DCorporate%2DHR%2FShared%20Documents%2FHR%2F%E4%BA%BA%E4%BA%8B%E8%A6%8F%E7%A8%8B,data/pdfs/work_rules_full_time/正社員・契約社員 慶弔見舞金規程_jp.pdf
91,JP - KIT-Corporate - HR - 正社員・契約社員 旅費規程.pdf - All Documents (kpmg.com),https://spo-global.kpmg.com/sites/JP-KIT-Corporate-HR/Shared Documents/Forms/AllItems.aspx?id=%2Fsites%2FJP%2DKIT%2DCorporate%2DHR%2FShared%20Documents%2FHR%2F%E4%BA%BA%E4%BA%8B%E8%A6%8F%E7%A8%8B%2F%E6%AD%A3%E7%A4%BE%E5%93%A1%E3%83%BB%E5%A5%91%E7%B4%84%E7%A4%BE%E5%93%A1%20%E6%97%85%E8%B2%BB%E8%A6%8F%E7%A8%8B%2Epdf&parent=%2Fsites%2FJP%2DKIT%2DCorporate%2DHR%2FShared%20Documents%2FHR%2F%E4%BA%BA%E4%BA%8B%E8%A6%8F%E7%A8%8B,data/pdfs/work_rules_full_time/正社員・契約社員 旅費規程_jp.pdf
92,JP - KIT-Corporate - HR - 正社員・契約社員 表彰規程.pdf - All Documents (kpmg.com),https://spo-global.kpmg.com/sites/JP-KIT-Corporate-HR/Shared Documents/Forms/AllItems.aspx?id=%2Fsites%2FJP%2DKIT%2DCorporate%2DHR%2FShared%20Documents%2FHR%2F%E4%BA%BA%E4%BA%8B%E8%A6%8F%E7%A8%8B%2F%E6%AD%A3%E7%A4%BE%E5%93%A1%E3%83%BB%E5%A5%91%E7%B4%84%E7%A4%BE%E5%93%A1%20%E8%A1%A8%E5%BD%B0%E8%A6%8F%E7%A8%8B%2Epdf&parent=%2Fsites%2FJP%2DKIT%2DCorporate%2DHR%2FShared%20Documents%2FHR%2F%E4%BA%BA%E4%BA%8B%E8%A6%8F%E7%A8%8B,data/pdfs/work_rules_full_time/正社員・契約社員 表彰規程_jp.pdf
93,JP - KIT-Corporate - HR - ハラスメント防止規程.pdf - All Documents (kpmg.com),https://spo-global.kpmg.com/sites/JP-KIT-Corporate-HR/Shared Documents/Forms/AllItems.aspx?id=%2Fsites%2FJP%2DKIT%2DCorporate%2DHR%2FShared%20Documents%2FHR%2F%E4%BA%BA%E4%BA%8B%E8%A6%8F%E7%A8%8B%2F%E3%83%8F%E3%83%A9%E3%82%B9%E3%83%A1%E3%83%B3%E3%83%88%E9%98%B2%E6%AD%A2%E8%A6%8F%E7%A8%8B%2Epdf&parent=%2Fsites%2FJP%2DKIT%2DCorporate%2DHR%2FShared%20Documents%2FHR%2F%E4%BA%BA%E4%BA%8B%E8%A6%8F%E7%A8%8B,data/pdfs/work_rules_full_time/ハラスメント防止規程_jp.pdf
94,JP - KIT-Corporate - HR - 健康情報取扱規程.pdf - All Documents (kpmg.com),https://spo-global.kpmg.com/sites/JP-KIT-Corporate-HR/Shared Documents/Forms/AllItems.aspx?id=%2Fsites%2FJP%2DKIT%2DCorporate%2DHR%2FShared%20Documents%2FHR%2F%E4%BA%BA%E4%BA%8B%E8%A6%8F%E7%A8%8B%2F%E5%81%A5%E5%BA%B7%E6%83%85%E5%A0%B1%E5%8F%96%E6%89%B1%E8%A6%8F%E7%A8%8B%2Epdf&parent=%2Fsites%2FJP%2DKIT%2DCorporate%2DHR%2FShared%20Documents%2FHR%2F%E4%BA%BA%E4%BA%8B%E8%A6%8F%E7%A8%8B,data/pdfs/work_rules_full_time/健康情報取扱規程_jp.pdf
95,JP - KIT-Corporate - HR - ストレスチェック制度に関する実施規程.pdf - All Documents (kpmg.com),https://spo-global.kpmg.com/sites/JP-KIT-Corporate-HR/Shared Documents/Forms/AllItems.aspx?id=%2Fsites%2FJP%2DKIT%2DCorporate%2DHR%2FShared%20Documents%2FHR%2F%E4%BA%BA%E4%BA%8B%E8%A6%8F%E7%A8%8B%2F%E3%82%B9%E3%83%88%E3%83%AC%E3%82%B9%E3%83%81%E3%82%A7%E3%83%83%E3%82%AF%E5%88%B6%E5%BA%A6%E3%81%AB%E9%96%A2%E3%81%99%E3%82%8B%E5%AE%9F%E6%96%BD%E8%A6%8F%E7%A8%8B%2Epdf&parent=%2Fsites%2FJP%2DKIT%2DCorporate%2DHR%2FShared%20Documents%2FHR%2F%E4%BA%BA%E4%BA%8B%E8%A6%8F%E7%A8%8B,data/pdfs/work_rules_full_time/ストレスチェック制度に関する実施規程_jp.pdf
96,,,data/pdfs/work_rules_full_time/フレックスタイム制に関する労使協定_202110_jp.pdf
97,,,data/pdfs/work_rules_full_time/一斉休憩の適用除外に関する労使協定書201907_jp.pdf
98,,,data/pdfs/work_rules_full_time/専門業務型裁量労働制に関する協定届20230701_受付印_jp.pdf
99,,,data/pdfs/work_rules_full_time/独立性及び倫理に関する紀律規程_202209_jp.pdf
100,,,data/pdfs/work_rules_full_time/賃金控除に関する協定書_201907_jp.pdf
101,JP - KIT-Corporate - HR - アルバイト 就業規則.pdf - All Documents (kpmg.com),https://spo-global.kpmg.com/sites/JP-KIT-Corporate-HR/Shared Documents/Forms/AllItems.aspx?id=%2Fsites%2FJP%2DKIT%2DCorporate%2DHR%2FShared%20Documents%2FHR%2F%E4%BA%BA%E4%BA%8B%E8%A6%8F%E7%A8%8B%2F%E3%82%A2%E3%83%AB%E3%83%90%E3%82%A4%E3%83%88%20%E5%B0%B1%E6%A5%AD%E8%A6%8F%E5%89%87%2Epdf&parent=%2Fsites%2FJP%2DKIT%2DCorporate%2DHR%2FShared%20Documents%2FHR%2F%E4%BA%BA%E4%BA%8B%E8%A6%8F%E7%A8%8B,data/pdfs/work_rules_part_time/アルバイト 就業規則_jp.pdf
102,JP - KIT-Corporate - HR - アルバイト フレキシブル・ワーク規程.pdf - All Documents (kpmg.com),https://spo-global.kpmg.com/sites/JP-KIT-Corporate-HR/Shared Documents/Forms/AllItems.aspx?id=%2Fsites%2FJP%2DKIT%2DCorporate%2DHR%2FShared%20Documents%2FHR%2F%E4%BA%BA%E4%BA%8B%E8%A6%8F%E7%A8%8B%2F%E3%82%A2%E3%83%AB%E3%83%90%E3%82%A4%E3%83%88%20%E3%83%95%E3%83%AC%E3%82%AD%E3%82%B7%E3%83%96%E3%83%AB%E3%83%BB%E3%83%AF%E3%83%BC%E3%82%AF%E8%A6%8F%E7%A8%8B%2Epdf&parent=%2Fsites%2FJP%2DKIT%2DCorporate%2DHR%2FShared%20Documents%2FHR%2F%E4%BA%BA%E4%BA%8B%E8%A6%8F%E7%A8%8B,data/pdfs/work_rules_part_time/アルバイト フレキシブル・ワーク規程_jp.pdf
103,JP - KIT-Corporate - HR - アルバイト 育児休業規程.pdf - All Documents (kpmg.com),https://spo-global.kpmg.com/sites/JP-KIT-Corporate-HR/Shared Documents/Forms/AllItems.aspx?id=%2Fsites%2FJP%2DKIT%2DCorporate%2DHR%2FShared%20Documents%2FHR%2F%E4%BA%BA%E4%BA%8B%E8%A6%8F%E7%A8%8B%2F%E3%82%A2%E3%83%AB%E3%83%90%E3%82%A4%E3%83%88%20%E8%82%B2%E5%85%90%E4%BC%91%E6%A5%AD%E8%A6%8F%E7%A8%8B%2Epdf&parent=%2Fsites%2FJP%2DKIT%2DCorporate%2DHR%2FShared%20Documents%2FHR%2F%E4%BA%BA%E4%BA%8B%E8%A6%8F%E7%A8%8B,data/pdfs/work_rules_part_time/アルバイト 育児休業規程_jp.pdf
104,JP - KIT-Corporate - HR - アルバイト 介護休業規程.pdf - All Documents (kpmg.com),https://spo-global.kpmg.com/sites/JP-KIT-Corporate-HR/Shared Documents/Forms/AllItems.aspx?id=%2Fsites%2FJP%2DKIT%2DCorporate%2DHR%2FShared%20Documents%2FHR%2F%E4%BA%BA%E4%BA%8B%E8%A6%8F%E7%A8%8B%2F%E3%82%A2%E3%83%AB%E3%83%90%E3%82%A4%E3%83%88%20%E4%BB%8B%E8%AD%B7%E4%BC%91%E6%A5%AD%E8%A6%8F%E7%A8%8B%2Epdf&parent=%2Fsites%2FJP%2DKIT%2DCorporate%2DHR%2FShared%20Documents%2FHR%2F%E4%BA%BA%E4%BA%8B%E8%A6%8F%E7%A8%8B,data/pdfs/work_rules_part_time/アルバイト 介護休業規程_jp.pdf
105,JP - KIT-Corporate - HR - Family Care Leave Rules for Part-Timers_アルバイト介護休業規程.pdf - All Documents (kpmg.com),https://spo-global.kpmg.com/sites/JP-KIT-Corporate-HR/Shared Documents/Forms/AllItems.aspx?id=%2Fsites%2FJP%2DKIT%2DCorporate%2DHR%2FShared%20Documents%2FHR%2F%E4%BA%BA%E4%BA%8B%E8%A6%8F%E7%A8%8B%2FFamily%20Care%20Leave%20Rules%20for%20Part%2DTimers%5F%E3%82%A2%E3%83%AB%E3%83%90%E3%82%A4%E3%83%88%E4%BB%8B%E8%AD%B7%E4%BC%91%E6%A5%AD%E8%A6%8F%E7%A8%8B%2Epdf&parent=%2Fsites%2FJP%2DKIT%2DCorporate%2DHR%2FShared%20Documents%2FHR%2F%E4%BA%BA%E4%BA%8B%E8%A6%8F%E7%A8%8B,data/pdfs/work_rules_part_time/Family Care Leave Rules for Part-Timers_アルバイト介護休業規程_en.pdf
106,JP - KIT-Corporate - HR - アルバイト 給与規程.pdf - All Documents (kpmg.com),https://spo-global.kpmg.com/sites/JP-KIT-Corporate-HR/Shared Documents/Forms/AllItems.aspx?id=%2Fsites%2FJP%2DKIT%2DCorporate%2DHR%2FShared%20Documents%2FHR%2F%E4%BA%BA%E4%BA%8B%E8%A6%8F%E7%A8%8B%2F%E3%82%A2%E3%83%AB%E3%83%90%E3%82%A4%E3%83%88%20%E7%B5%A6%E4%B8%8E%E8%A6%8F%E7%A8%8B%2Epdf&parent=%2Fsites%2FJP%2DKIT%2DCorporate%2DHR%2FShared%20Documents%2FHR%2F%E4%BA%BA%E4%BA%8B%E8%A6%8F%E7%A8%8B,data/pdfs/work_rules_part_time/アルバイト 給与規程_jp.pdf
107,JP - KIT-Corporate - HR - アルバイト リフレッシュ休暇規程.pdf - All Documents (kpmg.com),https://spo-global.kpmg.com/sites/JP-KIT-Corporate-HR/Shared Documents/Forms/AllItems.aspx?id=%2Fsites%2FJP%2DKIT%2DCorporate%2DHR%2FShared%20Documents%2FHR%2F%E4%BA%BA%E4%BA%8B%E8%A6%8F%E7%A8%8B%2F%E3%82%A2%E3%83%AB%E3%83%90%E3%82%A4%E3%83%88%20%E3%83%AA%E3%83%95%E3%83%AC%E3%83%83%E3%82%B7%E3%83%A5%E4%BC%91%E6%9A%87%E8%A6%8F%E7%A8%8B%2Epdf&parent=%2Fsites%2FJP%2DKIT%2DCorporate%2DHR%2FShared%20Documents%2FHR%2F%E4%BA%BA%E4%BA%8B%E8%A6%8F%E7%A8%8B,data/pdfs/work_rules_part_time/アルバイト リフレッシュ休暇規程_jp.pdf
108,JP - KIT-Corporate - HR - アルバイト ボランティア活動休暇規程.pdf - All Documents (kpmg.com),https://spo-global.kpmg.com/sites/JP-KIT-Corporate-HR/Shared Documents/Forms/AllItems.aspx?id=%2Fsites%2FJP%2DKIT%2DCorporate%2DHR%2FShared%20Documents%2FHR%2F%E4%BA%BA%E4%BA%8B%E8%A6%8F%E7%A8%8B%2F%E3%82%A2%E3%83%AB%E3%83%90%E3%82%A4%E3%83%88%20%E3%83%9C%E3%83%A9%E3%83%B3%E3%83%86%E3%82%A3%E3%82%A2%E6%B4%BB%E5%8B%95%E4%BC%91%E6%9A%87%E8%A6%8F%E7%A8%8B%2Epdf&parent=%2Fsites%2FJP%2DKIT%2DCorporate%2DHR%2FShared%20Documents%2FHR%2F%E4%BA%BA%E4%BA%8B%E8%A6%8F%E7%A8%8B,data/pdfs/work_rules_part_time/アルバイト ボランティア活動休暇規程_jp.pdf
109,JP - KIT-Corporate - HR - アルバイト 旅費規程.pdf - All Documents (kpmg.com),https://spo-global.kpmg.com/sites/JP-KIT-Corporate-HR/Shared Documents/Forms/AllItems.aspx?id=%2Fsites%2FJP%2DKIT%2DCorporate%2DHR%2FShared%20Documents%2FHR%2F%E4%BA%BA%E4%BA%8B%E8%A6%8F%E7%A8%8B%2F%E3%82%A2%E3%83%AB%E3%83%90%E3%82%A4%E3%83%88%20%E6%97%85%E8%B2%BB%E8%A6%8F%E7%A8%8B%2Epdf&parent=%2Fsites%2FJP%2DKIT%2DCorporate%2DHR%2FShared%20Documents%2FHR%2F%E4%BA%BA%E4%BA%8B%E8%A6%8F%E7%A8%8B,data/pdfs/work_rules_part_time/アルバイト 旅費規程_jp.pdf
110,JP - KIT-Corporate - HR - アルバイト 表彰規程.pdf - All Documents (kpmg.com),https://spo-global.kpmg.com/sites/JP-KIT-Corporate-HR/Shared Documents/Forms/AllItems.aspx?id=%2Fsites%2FJP%2DKIT%2DCorporate%2DHR%2FShared%20Documents%2FHR%2F%E4%BA%BA%E4%BA%8B%E8%A6%8F%E7%A8%8B%2F%E3%82%A2%E3%83%AB%E3%83%90%E3%82%A4%E3%83%88%20%E8%A1%A8%E5%BD%B0%E8%A6%8F%E7%A8%8B%2Epdf&parent=%2Fsites%2FJP%2DKIT%2DCorporate%2DHR%2FShared%20Documents%2FHR%2F%E4%BA%BA%E4%BA%8B%E8%A6%8F%E7%A8%8B,data/pdfs/work_rules_part_time/アルバイト 表彰規程_jp.pdf
111,JP - KIT-Corporate - HR - ハラスメント防止規程.pdf - All Documents (kpmg.com),https://spo-global.kpmg.com/sites/JP-KIT-Corporate-HR/Shared Documents/Forms/AllItems.aspx?id=%2Fsites%2FJP%2DKIT%2DCorporate%2DHR%2FShared%20Documents%2FHR%2F%E4%BA%BA%E4%BA%8B%E8%A6%8F%E7%A8%8B%2F%E3%83%8F%E3%83%A9%E3%82%B9%E3%83%A1%E3%83%B3%E3%83%88%E9%98%B2%E6%AD%A2%E8%A6%8F%E7%A8%8B%2Epdf&parent=%2Fsites%2FJP%2DKIT%2DCorporate%2DHR%2FShared%20Documents%2FHR%2F%E4%BA%BA%E4%BA%8B%E8%A6%8F%E7%A8%8B,data/pdfs/work_rules_part_time/ハラスメント防止規程_jp.pdf
112,JP - KIT-Corporate - HR - 健康情報取扱規程.pdf - All Documents (kpmg.com),https://spo-global.kpmg.com/sites/JP-KIT-Corporate-HR/Shared Documents/Forms/AllItems.aspx?id=%2Fsites%2FJP%2DKIT%2DCorporate%2DHR%2FShared%20Documents%2FHR%2F%E4%BA%BA%E4%BA%8B%E8%A6%8F%E7%A8%8B%2F%E5%81%A5%E5%BA%B7%E6%83%85%E5%A0%B1%E5%8F%96%E6%89%B1%E8%A6%8F%E7%A8%8B%2Epdf&parent=%2Fsites%2FJP%2DKIT%2DCorporate%2DHR%2FShared%20Documents%2FHR%2F%E4%BA%BA%E4%BA%8B%E8%A6%8F%E7%A8%8B,data/pdfs/work_rules_part_time/健康情報取扱規程_jp.pdf
113,JP - KIT-Corporate - HR - ストレスチェック制度に関する実施規程.pdf - All Documents (kpmg.com),https://spo-global.kpmg.com/sites/JP-KIT-Corporate-HR/Shared Documents/Forms/AllItems.aspx?id=%2Fsites%2FJP%2DKIT%2DCorporate%2DHR%2FShared%20Documents%2FHR%2F%E4%BA%BA%E4%BA%8B%E8%A6%8F%E7%A8%8B%2F%E3%82%B9%E3%83%88%E3%83%AC%E3%82%B9%E3%83%81%E3%82%A7%E3%83%83%E3%82%AF%E5%88%B6%E5%BA%A6%E3%81%AB%E9%96%A2%E3%81%99%E3%82%8B%E5%AE%9F%E6%96%BD%E8%A6%8F%E7%A8%8B%2Epdf&parent=%2Fsites%2FJP%2DKIT%2DCorporate%2DHR%2FShared%20Documents%2FHR%2F%E4%BA%BA%E4%BA%8B%E8%A6%8F%E7%A8%8B,data/pdfs/work_rules_part_time/ストレスチェック制度に関する実施規程_jp.pdf
114,,,data/pdfs/general/36協定_20230701_受付印_jp.pdf
115,,,data/pdfs/general/Cafeteria plan howtoRegister カフェテリアプラン登録日本語_jp.pdf
116,Discipline Regulations on Independence and Ethics_202209.pdf (kpmg.com),https://spo-global.kpmg.com/sites/JP-OI-BUS-KIT-INTERNAL/Shared Documents/GA_Policy/Discipline Regulations on Independence and Ethics_202209.pdf,data/pdfs/general/Discipline Regulations on Independence and Ethics_202209_en.pdf
117,KIT approval rules (kpmg.com),https://spo-global.kpmg.com/sites/JP-OI-BUS-KIT-INTERNAL/SitePages/Other-KIT-approval-rules.aspx,data/pdfs/general/KIT Approval Matrix_en.pdf
118,Portraitテンプレート 日本語 A4 縦 (kpmg.com),https://spo-global.kpmg.com/sites/JP-OI-BUS-KIT-INTERNAL/Shared Documents/FA/General Guidance on Expense Reporting.pdf,data/pdfs/general/General Guidance on Expense Reporting_en.pdf
119,English available Medical Clinic (kpmg.com),https://spo-global.kpmg.com/sites/JP-OI-BUS-KIT-INTERNAL/SitePages/Process-English-available-Medical-Clinic.aspx,data/pdfs/general/Guidebook when you consult with doctors_jp.pdf
120,入社オリエンテーション資料 (kpmg.com),https://spo-global.kpmg.com/sites/JP-OI-BUS-KIT-INTERNAL/SitePages/ja/Other-Material of On-boarding.aspx,data/pdfs/general/KIT_HR-Orientation_en.pdf
121,Microsoft PowerPoint - KIT決裁権限表_2023-09-12.pptx (kpmg.com),https://spo-global.kpmg.com/sites/JP-OI-BUS-KIT-INTERNAL/Shared Documents/GA_Policy/KIT%E6%B1%BA%E8%A3%81%E6%A8%A9%E9%99%90%E8%A1%A8.pdf,data/pdfs/general/KIT決裁権限表_jp.pdf
122,Time Sheet (kpmg.com),https://spo-global.kpmg.com/sites/JP-OI-BUS-KIT-INTERNAL/SitePages/Process-Time-sheet.aspx,data/pdfs/general/Quick Manual for Timesheet input_en.pdf
123,,,data/pdfs/general/フレックスタイム制に関する労使協定_202110_jp.pdf
124,,,data/pdfs/general/一斉休憩の適用除外に関する労使協定書201907_jp.pdf
125,,,data/pdfs/general/専門業務型裁量労働制に関する協定届20230701_受付印_jp.pdf
126,,,data/pdfs/general/賃金控除に関する協定書_201907_jp.pdf